species,Source,mt_Acinetobacter P8-3-8,mt_Acyrthosiphon pisum,mt_Ailuropoda melanoleuca,mt_Alexandrium temarense CCMP1771,mt_Anophryoides haemophila AH6 seawater,mt_Aurantiochytrium limacinum ATCCMYA1381,mt_Beggiatoa PS,mt_Bos taurus,mt_Canis lupus familiaris,mt_Cavia porcellus,mt_Chaetoceros_Strain UNC1202,mt_Chrysochromulina brevifilum_Strain UTEX LB 985,mt_Ciona intestinalis,mt_Ciona savignyi,mt_Citrobacter youngae ATCC 29220,mt_Clostridium cellulovorans 743B,mt_Coccomyxa subellipsoidea,mt_Coccomyxa subellipsoidea C-169,mt_Compsopogon caeruleus,mt_Coprobacillus D7,mt_Cryptosporidium parvum Iowa II,mt_Cyanothece CCY0110,mt_Daphnia pulex,mt_Elizabethkingia anophelis Ag1,mt_Endoriftia persephone 'Hot96_1+Hot96_2,mt_Enterobacter cancerogenus ATCC 35316,mt_Equus caballus,mt_Escherichia 3_2_53FAA,mt_Escherichia coli 'BL21-Gold(DE3)pLysS AG,mt_Escherichia coli 101-1,mt_Escherichia coli BL21(DE3),mt_Escherichia coli MS 146-1,mt_Escherichia coli MS 187-1,mt_Escherichia coli O157:H7 str. EC4024,mt_Escherichia coli P12b,mt_Escherichia coli UMNK88,mt_Finegoldia magna ATCC 53516,mt_Gallus gallus,mt_Helobdella robusta,mt_Heterosigma akashiwo_Strain NB,mt_Homo sapiens,mt_Ixodes scapularis,mt_Kryptoperidinium foliaceum,mt_Lactobacillus vaginalis ATCC 49540,mt_Loa loa,mt_Loxodonta africana,mt_Meleagris gallopavo,mt_Monodelphis domestica,mt_Mus musculus,mt_Myotis lucifugus,mt_Neisseria gonorrhoeae,mt_Nematostella vectensis,mt_Nitzschia sp. RCC80,mt_Oryctolagus cuniculus,mt_Oryza sativa Indica Group,mt_Pediculus humanus,mt_Pelagomonas calceolata_Strain CCMP1756,mt_Phaeocystis antarctica_Strain CCMP1374,mt_Phaeocystis cordata,mt_Picocystis salinarum CCMP1897,mt_Pinus koraiensis,mt_Populus trichocarpa,mt_Prasinophyceae sp. RCC998,mt_Rattus norvegicus,mt_Roseburia inulinivorans DSM 16841,mt_Salmonella enterica subsp. enterica serovar Gallinarum str. 287/91,mt_Sarcophilus harrisii,mt_Shigella sonnei Ss046,mt_Stauroneis constricta_Strain CCMP1120,mt_Strongylocentrotus purpuratus,mt_Sus scrofa,mt_TM7c,mt_Taeniopygia guttata,mt_Takifugu rubripes,mt_Tetraodon nigroviridis,mt_Thalassionema nitzschioides_Strain Unknown,mt_Thalassiosira miniscula_Strain CCMP1093,mt_Tursiops truncatus,mt_Undescribed sp CCMP2436,mt_Volvox carteri,mt_Xenopus (Silurana) tropicalis,mt_Xenopus laevis,mt_candidate division TM7 single-cell isolate TM7a,mt_Aristerostoma ATCC 50986,mt_Caenorhabditis elegans,mt_Erwinia pyrifoliae DSM 12163,mt_Escherichia coli APEC O78,mt_Escherichia coli HS,mt_Escherichia coli O157:H7 str. EC4042,mt_Escherichia coli OP50,mt_Gasterosteus aculeatus,mt_Gloeochaete witrockiana SAG46_84,mt_Lottia gigantea,mt_Pavlova sp CCMP459,mt_Peridinium aciculiferum PAER_2,mt_Porphyra haitanensis,mt_Saccharina japonica,mt_Shigella dysenteriae 1617,mt_Tetraselmis GSL018,mt_Trichinella spiralis,mt_Amphimedon queenslandica,mt_Branchiostoma floridae,mt_Coccolithus pelagicus ssp braarudi_Strain PLY182g,mt_Escherichia coli 2362-75,mt_Escherichia coli TA280,mt_Eutreptiella gymnastica-like_Strain CCMP1594,mt_Hemiselmis andersenii CCMP644,mt_Methylocystis ATCC 49242,mt_Naegleria gruberi strain NEG-M,mt_Nasonia vitripennis,mt_Plasmodium falciparum HB3,mt_Pseudomonas putida GB-1,mt_Salmonella enterica subsp. enterica serovar Typhi str. M223,mt_Vaucheria litorea_Strain CCMP2940,mt_Azadinium spinosum 3D9,mt_Clostridium difficile QCD-23m63,mt_Danio rerio,mt_Ectocarpus siliculosus,mt_Enterobacter lignolyticus SCF1,mt_Escherichia 1_1_43,mt_Escherichia 4_1_40B,mt_Escherichia coli 1827-70,mt_Escherichia coli B354,mt_Escherichia coli CFT073,mt_Escherichia coli MS 107-1,mt_Escherichia coli MS 145-7,mt_Escherichia coli MS 21-1,mt_Escherichia coli MS 69-1,mt_Escherichia coli O157:H7 str. EC4206,mt_Escherichia coli UTI89,mt_Escherichia fergusonii ATCC 35469,mt_Goniomonas pacifica CCMP1869,mt_Helicobacter pylori HPKX_438_AG0C1,mt_Oryzias latipes,mt_Rhizobium etli IE4771,mt_Salmonella enterica subsp. enterica serovar Typhi str. E98-2068,mt_Salmonella enterica subsp. enterica serovar Virchow str. SL491,mt_Spumella elongata_Strain CCAP 955,mt_Cycas taitungensis,mt_Escherichia coli APEC O103,mt_Escherichia coli MS 115-1,mt_Fusobacterium ulcerans ATCC 49185,mt_Hydra magnipapillata,mt_Symbiodinium sp C15,mt_Asterionellopsis glacialis CCMP134,mt_Borrelia burgdorferi WI91-23,mt_Caldalkalibacillus thermarum TA2.A1,mt_Chaetoceros curvisetus,mt_Enterobacter cloacae subsp. cloacae ATCC 13047,mt_Escherichia coli ED1a,mt_Escherichia coli H299,mt_Escherichia coli TA143,mt_Gephyrocapsa oceanica RCC1303,mt_Micrococcus 28,mt_Micrococcus luteus NCTC 2665,mt_Micrococcus luteus SK58,mt_Neosartorya fischeri,mt_Pavlova lutheri_Strain RCC1537,mt_Picochlorum oklahomense,mt_Prasinophyceae sp. RCC2339,mt_Roseobacter AzwK-3b,mt_Symbiodinium sp.,mt_Undescribed sp CCMP2097,mt_Aulacoseira subarctica_Strain CCAP 1002,mt_Chrysoreinhardia sp. CCMP2950,mt_Escherichia coli M718,mt_Escherichia coli O157:H7 str. EC4401,mt_Escherichia coli UMN026,mt_Phalaenopsis aphrodite subsp. formosana,mt_Plasmodium chabaudi chabaudi AS,mt_Plasmodium yoelii yoelii 17XNL,mt_Zea mays,mt_Apis mellifera,mt_Enterobacter asburiae LF7a,mt_Escherichia coli B088,mt_Escherichia coli ETEC H10407,mt_Escherichia coli M605,mt_Escherichia coli O157:H7 str. EC4076,mt_Lactobacillus fermentum ATCC 14931,mt_Polarella glacialis CCMP1383,mt_Prorocentrum minimum CCMP1329,mt_Pseudo-nitzschia multiseries,mt_Sodalis glossinidius str. 'morsitans,mt_Tribolium castaneum,mt_Brucella suis bv. 4 str. 40,mt_Helicobacter pullorum MIT 98-5489,mt_Pristionchus pacificus,mt_Shigella D9,mt_Streptomyces e14,mt_Streptomyces ipomoeae 91-03,mt_Chaetoceros affinis CCMP159,mt_Drosophila grimshawi,mt_Enterobacter R4-368,mt_Escherichia coli MS 196-1,mt_Escherichia coli TA271,mt_Perkinsus marinus ATCC 50983,mt_Stenotrophomonas maltophilia K279a,mt_Bacillus coahuilensis m4-4,mt_Escherichia TW09308,mt_Escherichia coli E24377A,mt_Escherichia coli MS 116-1,mt_Heterosigma akashiwo CCMP452,mt_Salmonella enterica subsp. enterica serovar Typhi str. J185,mt_Ammonia sp.,mt_Brugia malayi,mt_Scrippsiella hangoei SHTV5,mt_Shigella dysenteriae 1012,mt_Zymoseptoria tritici IPO323,mt_Escherichia coli MS 175-1,mt_Gracilaria changii,mt_Micromonas pusilla CCMP1545,mt_Neisseria subflava NJ9703,mt_Shigella boydii CDC 3083-94,mt_Burkholderia UYPR1.413,mt_Burkholderia multivorans ATCC 17616,mt_Burkholderia phytofirmans PsJN,mt_Citrobacter koseri ATCC BAA-895,mt_Drosophila melanogaster,mt_Escherichia albertii TW07627,mt_Escherichia coli IAI1,mt_Escherichia coli O157:H7 str. EC4486,mt_Nitzschia punctata_Strain CCMP561,mt_Pseudomonas brassicacearum subsp. brassicacearum NFM421,mt_Pseudomonas fluorescens A506,mt_Pseudomonas fluorescens SBW25,mt_Pseudomonas fluorescens WH6,mt_Pseudomonas poae RE*1-1-14,mt_Sorghum bicolor,mt_Stenotrophomonas SKA14,mt_Stenotrophomonas maltophilia JV3,mt_Stenotrophomonas maltophilia R551-3,mt_Ditylum brightwellii Strain Pop2 (SS10),mt_Escherichia coli IAI39,mt_Escherichia coli S88,mt_Gemmata obscuriglobus UQM 2246,mt_Melampsora larici-populina 98AG31,mt_Schistosoma mansoni,mt_Trypanosoma cruzi strain CL Brener,mt_Unidentified_Strain CCMP1205,mt_Alveolata sp. CCMP3155,mt_Burkholderia WSM4176,mt_Burkholderia xenovorans LB400,mt_Ditylum brightwellii GSO104,mt_Escherichia Sflu5,mt_Escherichia coli B185,mt_Escherichia coli O104:H4 str. 2011C-3493,mt_Paracoccidioides 'lutzii' Pb01,mt_Stenotrophomonas maltophilia D457,mt_Stygamoeba regulata,mt_Vitrella brassicaformis_Strain CCMP3346,mt_Blattabacterium (Periplaneta americana) str. BPLAN,mt_Exanthemachrysis gayraliae_Strain RCC1523,mt_Ochotona princeps,mt_Oryza sativa (japonica cultivar-group) mitochondrial,mt_Palpitomonas bilix,mt_Platyophrya macrostoma_Strain WH,mt_Pseudomonas mendocina ymp,mt_Pseudomonas putida HB3267,mt_Sphingobacterium spiritivorum ATCC 33861,mt_Undescribed sp D1,mt_Yersinia pestis biovar Mediaevalis str. K1973002,mt_Azospirillum lipoferum 4B,mt_Bacillus cereus BDRD-ST24,mt_Bicosoecid sp_Strain ms1,mt_Clostridium SS2/1,mt_Dipodomys ordii,mt_Enterococcus faecalis TX0470,mt_Flavobacteria bacterium MS024-3C,mt_Isochrysis galbana CCMP1323,mt_Pseudomonas mendocina NK-01,mt_Pseudomonas putida KT2440,mt_Ralstonia pickettii 12J,mt_Raoultella ornithinolytica B6,mt_Vibrio furnissii NCTC 11218,mt_Acinetobacter SH024,mt_Herminiimonas arsenicoxydans,mt_Pseudomonas UW4,mt_Pseudomonas fluorescens F113,mt_Pseudomonas fluorescens Pf0-1,mt_Pseudomonas putida DOT-T1E,mt_Pseudomonas putida H8234,mt_Pseudomonas putida ND6,mt_Pseudomonas syringae pv. tomato T1,mt_Acinetobacter johnsonii SH046,mt_Enhydrobacter aerosaccus SK60,mt_Lactobacillus crispatus ST1,mt_Picobiliphyte MS584-11,mt_Pseudomonas aeruginosa LESB58,mt_Pseudomonas protegens CHA0,mt_Pseudomonas resinovorans NBRC 106553,mt_Pseudomonas stutzeri CCUG 29243,mt_Chrysochromulina rotalis_Strain UIO044,mt_Corynebacterium efficiens YS-314 DSM 44549,mt_Enterococcus faecium 1-231-502,mt_Gambierdiscus australes,mt_Gymnodinium catenatum,mt_Pseudomonas putida BIRD-1,mt_Pseudomonas putida F1,mt_Pseudomonas stutzeri RCH2,mt_Pycnococcus provasolii RCC733,mt_Alexandrium margalefi_Strain AMGDE01CS-322,mt_Quahog Parasite QPX NY07348D,mt_Brucella suis bv. 3 str. 686,mt_Escherichia coli E22,mt_Escherichia coli H736,mt_Proteomonas sulcata_Strain CCMP704,mt_Acanthoeca-like_Strain 10tr,mt_Aurantimonas manganoxydans SI85-9A1,mt_Crypthecodinium cohnii Seligo,mt_Desulfonispora thiosulfatigenes DSM 11270,mt_Escherichia coli MS 198-1,mt_Escherichia coli O157:H7 str. EC508,mt_Escherichia coli TA206,mt_Geodermatophilus obscurus DSM 43160,mt_Microlunatus phosphovorus NM-1,mt_Patulibacter minatonensis DSM 18081,mt_Prasinoderma singularis_Strain RCC927,mt_Thielavia terrestris NRRL 8126,mt_Chrysocystis fragilis_Strain CCMP3189,mt_Escherichia coli ATCC 8739,mt_Escherichia coli B str. REL606,mt_Escherichia coli IHE3034,mt_Escherichia coli O111:NM,mt_Escherichia coli O157:H7 str. EC4196,mt_Escherichia coli O44:H18,mt_Escherichia coli O83:H1 str. NRG 857C,mt_Florenciella_Strain RCC1007,mt_Physcomitrella patens,mt_Choloepus hoffmanni,mt_Escherichia coli O157:H7 str. EDL933,mt_Rosalina sp.,mt_Ajellomyces dermatitidis SLH14081,mt_Citrobacter rodentium ICC168,mt_Cryptomonas curvata,mt_Escherichia coli E110019,mt_Escherichia coli MS 119-7,mt_Escherichia coli MS 124-1,mt_Escherichia coli MS 185-1,mt_Escherichia coli MS 200-1,mt_Escherichia coli O157:H7 str. EC4115,mt_Escherichia coli SMS-3-5,mt_Escherichia coli str. K-12 substr. MDS42,mt_Klebsiella MS 92-3,mt_Phaeocystis unid Strain CCMP2000,mt_Aeromonas salmonicida subsp. salmonicida A449,mt_Enterobacter cloacae EcWSU1,mt_Escherichia coli O157:H7 str. FRIK966,mt_Escherichia coli O157:H7 str. Sakai,mt_Eucheuma denticulatum,mt_Klebsiella oxytoca E718,mt_Prymnesium parvum Texoma1,mt_Pseudomonas aeruginosa PAO1,mt_Salmonella enterica subsp. enterica serovar Typhi str. 404ty,mt_Colletotrichum graminicola M1.001,mt_Corynebacterium tuberculostearicum SK141,mt_Enterobacter hormaechei ATCC 49162,mt_Escherichia coli O127:H6 str. E2348/69,mt_Escherichia coli O157:H7 str. EC4501,mt_Heterocapsa rotundata_Strain SCCAP K-0483,mt_Magnaporthe oryzae 70-15,mt_Pseudoramibacter alactolyticus ATCC 23263,mt_Shigella boydii Sb227,mt_Shigella flexneri 5 str. 8401,mt_Streptococcus pneumoniae CDC0288-04,mt_Verticillium albo-atrum VaMs.102,mt_Chroomonas mesostigmatica_cf_Strain CCMP1168,mt_Escherichia coli BW2952,mt_Escherichia coli LF82,mt_Escherichia coli MS 78-1,mt_Escherichia coli NA114,mt_Grammatophora oceanica_Strain CCMP 410,mt_Methylobacterium populi BJ001,mt_Phytophthora sojae,mt_Scrippsiella hangoei-like_Strain SHHI-4,mt_Aeromonas hydrophila ML09-119,mt_Arabidopsis thaliana,mt_Burkholderia CCGE1002,mt_Burkholderia H160,mt_Delftia acidovorans SPH-1,mt_Enterobacteriaceae bacterium strain FGI 57,mt_Escherichia coli ABU 83972,mt_Escherichia coli MS 182-1,mt_Escherichia coli NC101,mt_Escherichia coli O157:H7 str. EC4113,mt_Escherichia coli O55:H7 str. CB9615,mt_Escherichia coli O7:K1 str. CE10,mt_Escherichia coli W,mt_Lachnospiraceae bacterium 5_1_63FAA,mt_Myceliophthora thermophila ATCC 42464,mt_Neurospora crassa,mt_Phaeosphaeria nodorum SN15,mt_Rhizobium leguminosarum bv. viciae 3841,mt_Salmonella enterica subsp. enterica serovar Typhi str. E98-0664,mt_Sclerotinia sclerotiorum 1980 UF-70,mt_Serratia symbiotica str. Tucson,mt_Shigella flexneri 2002017,mt_Sordaria macrospora k-hell,mt_Acanthamoeba castellanii str. Neff,mt_Enterobacter aerogenes EA1509E,mt_Enterobacteria phage lambda,mt_Escherichia coli FVEC1412,mt_Eubacterium rectale DSM 17629,mt_Shigella sonnei 53G,mt_Trichoplax adhaerens,mt_Actinomyces odontolyticus ATCC 17982,mt_Escherichia coli KO11FL,mt_Escherichia coli O111:H- str. 11128,mt_Ochromonas_Strain BG-1,mt_Salmonella enterica subsp. enterica serovar Hadar str. RI_05P066,mt_Salmonella enterica subsp. enterica serovar Typhi str. AG3,mt_Vibrio AND4,mt_Xenorhabdus nematophila ATCC 19061,mt_Yersinia mollaretii ATCC 43969,mt_Clostridium botulinum type C - Eklund,mt_Enterobacteria phage Sf6,mt_Escherichia coli 55989,mt_Lotharella globosa_Strain CCCM811,mt_Ochromonas CCMP1899,mt_Ruminococcus SR1/5,mt_Sphingomonas S17,mt_Symbiodinium_Strain C1,mt_Escherichia coli str. K-12 substr. MG1655,mt_Oxyrrhis marina,mt_Shigella dysenteriae Sd197,mt_Pseudomonas aeruginosa PA7,mt_Pseudopedinella elastica CCMP716,mt_Selaginella moellendorffii,mt_Woodchuck hepatitis virus,label
AD143552HP,MSSM,2,1,25,1,120,11,19,151,269,122,3,151,1,3,1,1,1,1,1,1,1,29,1,1,1,1,248,1,1,2,1,1,1,1,1,1,1,47,1,122,25360,3,1,1,1,96,34,33,12,61,1,1,22,135,1,1,66,58,191,72,1,1,1,365,1,1,85,1,1,1,131,7,14,2,22,245,1,2,1,16,2,16,3,0,0,0,0,0,0,0,0,0,0,0,0,0,0,0,0,0,0,0,0,0,0,0,0,0,0,0,0,0,0,0,0,0,0,0,0,0,0,0,0,0,0,0,0,0,0,0,0,0,0,0,0,0,0,0,0,0,0,0,0,0,0,0,0,0,0,0,0,0,0,0,0,0,0,0,0,0,0,0,0,0,0,0,0,0,0,0,0,0,0,0,0,0,0,0,0,0,0,0,0,0,0,0,0,0,0,0,0,0,0,0,0,0,0,0,0,0,0,0,0,0,0,0,0,0,0,0,0,0,0,0,0,0,0,0,0,0,0,0,0,0,0,0,0,0,0,0,0,0,0,0,0,0,0,0,0,0,0,0,0,0,0,0,0,0,0,0,0,0,0,0,0,0,0,0,0,0,0,0,0,0,0,0,0,0,0,0,0,0,0,0,0,0,0,0,0,0,0,0,0,0,0,0,0,0,0,0,0,0,0,0,0,0,0,0,0,0,0,0,0,0,0,0,0,0,0,0,0,0,0,0,0,0,0,0,0,0,0,0,0,0,0,0,0,0,0,0,0,0,0,0,0,0,0,0,0,0,0,0,0,0,0,0,0,0,0,0,0,0,0,0,0,0,0,0,0,0,0,0,0,0,0,0,0,0,0,0,0,0,0,0,0,0,0,0,0,0,0,0,0,0,0,0,0,0,0,0,0,0,0,0,0,0,0,0,0,0,0,0,0,0,0,0,0,0,0,0,0,0,0,0,0,0,0,0,0,0,0,0,0,0,0,0,0,0,1
AD212112HP,MSSM,0,0,13,2,61,8,11,151,217,121,1,112,0,4,0,2,0,0,2,0,1,15,0,0,0,0,225,0,0,0,0,0,1,0,0,0,0,31,0,64,22364,0,0,1,0,76,32,32,13,48,0,3,20,134,0,0,32,41,124,36,0,1,0,342,1,0,81,1,0,1,118,3,9,7,15,113,0,2,0,7,0,9,0,1,3,1,1,1,1,1,3,1,2,1,1,1,1,1,1,2,0,0,0,0,0,0,0,0,0,0,0,0,0,0,0,0,0,0,0,0,0,0,0,0,0,0,0,0,0,0,0,0,0,0,0,0,0,0,0,0,0,0,0,0,0,0,0,0,0,0,0,0,0,0,0,0,0,0,0,0,0,0,0,0,0,0,0,0,0,0,0,0,0,0,0,0,0,0,0,0,0,0,0,0,0,0,0,0,0,0,0,0,0,0,0,0,0,0,0,0,0,0,0,0,0,0,0,0,0,0,0,0,0,0,0,0,0,0,0,0,0,0,0,0,0,0,0,0,0,0,0,0,0,0,0,0,0,0,0,0,0,0,0,0,0,0,0,0,0,0,0,0,0,0,0,0,0,0,0,0,0,0,0,0,0,0,0,0,0,0,0,0,0,0,0,0,0,0,0,0,0,0,0,0,0,0,0,0,0,0,0,0,0,0,0,0,0,0,0,0,0,0,0,0,0,0,0,0,0,0,0,0,0,0,0,0,0,0,0,0,0,0,0,0,0,0,0,0,0,0,0,0,0,0,0,0,0,0,0,0,0,0,0,0,0,0,0,0,0,0,0,0,0,0,0,0,0,0,0,0,0,0,0,0,0,0,0,0,0,0,0,0,0,0,0,0,0,0,0,0,0,0,0,0,0,0,0,0,0,0,0,0,0,0,0,0,0,0,0,0,0,0,0,0,0,0,0,0,0,0,0,0,0,0,0,0,0,0,0,0,0,0,0,0,0,0,0,0,1
AD213261HP,MSSM,1,1,21,2,137,22,21,161,248,134,3,205,2,5,0,1,0,1,1,1,0,44,0,0,3,0,261,0,0,0,0,0,0,0,0,0,0,28,1,218,24781,0,1,0,0,89,31,44,12,50,1,3,28,119,0,0,87,73,270,78,0,0,1,346,1,0,101,0,0,1,147,7,25,3,13,301,2,2,0,14,0,14,3,0,0,0,0,0,0,0,2,0,2,0,0,0,0,0,0,0,1,1,1,1,1,1,1,1,1,1,2,1,1,1,0,0,0,0,0,0,0,0,0,0,0,0,0,0,0,0,0,0,0,0,0,0,0,0,0,0,0,0,0,0,0,0,0,0,0,0,0,0,0,0,0,0,0,0,0,0,0,0,0,0,0,0,0,0,0,0,0,0,0,0,0,0,0,0,0,0,0,0,0,0,0,0,0,0,0,0,0,0,0,0,0,0,0,0,0,0,0,0,0,0,0,0,0,0,0,0,0,0,0,0,0,0,0,0,0,0,0,0,0,0,0,0,0,0,0,0,0,0,0,0,0,0,0,0,0,0,0,0,0,0,0,0,0,0,0,0,0,0,0,0,0,0,0,0,0,0,0,0,0,0,0,0,0,0,0,0,0,0,0,0,0,0,0,0,0,0,0,0,0,0,0,0,0,0,0,0,0,0,0,0,0,0,0,0,0,0,0,0,0,0,0,0,0,0,0,0,0,0,0,0,0,0,0,0,0,0,0,0,0,0,0,0,0,0,0,0,0,0,0,0,0,0,0,0,0,0,0,0,0,0,0,0,0,0,0,0,0,0,0,0,0,0,0,0,0,0,0,0,0,0,0,0,0,0,0,0,0,0,0,0,0,0,0,0,0,0,0,0,0,0,0,0,0,0,0,0,0,0,0,0,0,0,0,0,0,0,0,0,0,0,0,0,0,0,0,0,0,0,0,0,0,0,0,0,0,0,0,0,0,0,0,0,0,0,1
AD284003HP,MSSM,1,0,19,2,227,44,37,212,294,154,3,314,2,5,0,1,0,0,2,0,0,69,0,0,7,0,293,1,1,2,1,0,2,0,1,1,1,33,0,326,30541,2,0,1,0,116,46,47,6,82,0,3,39,150,0,1,139,139,485,121,0,3,0,423,1,0,117,0,0,1,171,12,34,8,14,438,0,3,4,32,1,19,5,1,0,0,0,0,0,6,4,0,2,0,0,1,0,1,0,0,0,1,0,0,0,0,0,0,0,1,3,0,1,0,1,1,1,1,2,2,1,1,1,1,1,1,1,1,1,1,2,1,2,1,1,1,1,1,0,0,0,0,0,0,0,0,0,0,0,0,0,0,0,0,0,0,0,0,0,0,0,0,0,0,0,0,0,0,0,0,0,0,0,0,0,0,0,0,0,0,0,0,0,0,0,0,0,0,0,0,0,0,0,0,0,0,0,0,0,0,0,0,0,0,0,0,0,0,0,0,0,0,0,0,0,0,0,0,0,0,0,0,0,0,0,0,0,0,0,0,0,0,0,0,0,0,0,0,0,0,0,0,0,0,0,0,0,0,0,0,0,0,0,0,0,0,0,0,0,0,0,0,0,0,0,0,0,0,0,0,0,0,0,0,0,0,0,0,0,0,0,0,0,0,0,0,0,0,0,0,0,0,0,0,0,0,0,0,0,0,0,0,0,0,0,0,0,0,0,0,0,0,0,0,0,0,0,0,0,0,0,0,0,0,0,0,0,0,0,0,0,0,0,0,0,0,0,0,0,0,0,0,0,0,0,0,0,0,0,0,0,0,0,0,0,0,0,0,0,0,0,0,0,0,0,0,0,0,0,0,0,0,0,0,0,0,0,0,0,0,0,0,0,0,0,0,0,0,0,0,0,0,0,0,0,0,0,0,0,0,0,0,0,0,0,0,0,0,0,0,0,0,0,0,0,0,0,0,0,0,0,0,0,0,0,0,0,0,1
AD284005HP,MSSM,1,0,16,2,127,30,19,152,255,134,3,233,2,3,0,1,0,0,2,1,0,43,0,1,3,0,254,0,0,1,0,1,0,0,0,0,0,35,0,183,24878,2,0,1,1,79,40,47,12,52,1,1,32,141,0,0,66,79,266,78,1,0,0,345,1,0,105,1,0,1,158,4,26,6,19,301,0,2,1,13,0,20,2,1,1,0,0,0,0,1,2,1,2,0,0,0,0,1,0,0,0,1,0,0,0,0,0,0,0,0,4,0,0,1,0,0,1,0,0,0,0,0,0,0,0,0,0,0,0,0,1,0,1,0,0,0,0,0,1,1,1,1,1,1,0,0,0,0,0,0,0,0,0,0,0,0,0,0,0,0,0,0,0,0,0,0,0,0,0,0,0,0,0,0,0,0,0,0,0,0,0,0,0,0,0,0,0,0,0,0,0,0,0,0,0,0,0,0,0,0,0,0,0,0,0,0,0,0,0,0,0,0,0,0,0,0,0,0,0,0,0,0,0,0,0,0,0,0,0,0,0,0,0,0,0,0,0,0,0,0,0,0,0,0,0,0,0,0,0,0,0,0,0,0,0,0,0,0,0,0,0,0,0,0,0,0,0,0,0,0,0,0,0,0,0,0,0,0,0,0,0,0,0,0,0,0,0,0,0,0,0,0,0,0,0,0,0,0,0,0,0,0,0,0,0,0,0,0,0,0,0,0,0,0,0,0,0,0,0,0,0,0,0,0,0,0,0,0,0,0,0,0,0,0,0,0,0,0,0,0,0,0,0,0,0,0,0,0,0,0,0,0,0,0,0,0,0,0,0,0,0,0,0,0,0,0,0,0,0,0,0,0,0,0,0,0,0,0,0,0,0,0,0,0,0,0,0,0,0,0,0,0,0,0,0,0,0,0,0,0,0,0,0,0,0,0,0,0,0,0,0,0,0,0,0,0,0,0,0,0,0,0,0,0,0,0,0,0,1
AD284029HP,MSSM,0,0,15,0,97,6,22,142,245,107,2,135,0,2,0,2,1,1,3,0,1,24,0,0,2,0,216,1,1,0,0,0,0,0,1,0,0,26,0,121,22296,1,0,1,0,73,24,28,9,50,0,0,24,122,0,0,51,68,200,48,0,1,1,317,2,0,76,0,0,1,129,3,15,4,11,226,1,3,1,13,1,15,2,0,0,0,0,1,0,1,1,0,0,1,0,0,0,0,0,0,0,0,0,0,0,0,0,0,0,0,0,0,0,0,0,0,0,0,0,0,0,0,0,0,0,0,0,1,0,0,0,0,0,0,0,0,0,2,0,1,0,0,0,0,1,1,1,1,1,1,1,1,1,2,103,93,1,1,1,1,1,1,1,0,0,0,0,0,0,0,0,0,0,0,0,0,0,0,0,0,0,0,0,0,0,0,0,0,0,0,0,0,0,0,0,0,0,0,0,0,0,0,0,0,0,0,0,0,0,0,0,0,0,0,0,0,0,0,0,0,0,0,0,0,0,0,0,0,0,0,0,0,0,0,0,0,0,0,0,0,0,0,0,0,0,0,0,0,0,0,0,0,0,0,0,0,0,0,0,0,0,0,0,0,0,0,0,0,0,0,0,0,0,0,0,0,0,0,0,0,0,0,0,0,0,0,0,0,0,0,0,0,0,0,0,0,0,0,0,0,0,0,0,0,0,0,0,0,0,0,0,0,0,0,0,0,0,0,0,0,0,0,0,0,0,0,0,0,0,0,0,0,0,0,0,0,0,0,0,0,0,0,0,0,0,0,0,0,0,0,0,0,0,0,0,0,0,0,0,0,0,0,0,0,0,0,0,0,0,0,0,0,0,0,0,0,0,0,0,0,0,0,0,0,0,0,0,0,0,0,0,0,0,0,0,0,0,0,0,0,0,0,0,0,0,0,0,0,0,0,0,0,0,0,0,0,0,0,0,0,0,0,0,0,0,0,0,0,1
AD5865HP,UCSD,0,0,14,0,78,15,13,137,221,116,1,129,0,2,0,2,0,0,1,0,1,30,0,0,1,0,223,1,0,1,0,0,1,0,2,0,0,18,0,36,21185,1,0,1,0,72,26,33,9,47,0,1,8,104,0,1,50,57,167,54,0,1,0,318,0,0,80,0,0,0,124,4,14,2,13,150,0,2,0,11,1,8,1,0,0,0,1,0,0,1,1,0,0,0,0,0,0,0,0,0,0,1,0,0,0,0,0,0,0,0,0,0,0,0,0,0,0,0,0,0,0,0,0,0,1,0,0,0,0,0,0,0,0,0,0,1,0,0,0,0,0,0,0,0,0,0,0,0,0,0,0,0,0,0,0,0,0,0,0,0,0,0,0,1,1,2,1,1,1,1,9,1,0,0,0,0,0,0,0,0,0,0,0,0,0,0,0,0,0,0,0,0,0,0,0,0,0,0,0,0,0,0,0,0,0,0,0,0,0,0,0,0,0,0,0,0,0,0,0,0,0,0,0,0,0,0,0,0,0,0,0,0,0,0,0,0,0,0,0,0,0,0,0,0,0,0,0,0,0,0,0,0,0,0,0,0,0,0,0,0,0,0,0,0,0,0,0,0,0,0,0,0,0,0,0,0,0,0,0,0,0,0,0,0,0,0,0,0,0,0,0,0,0,0,0,0,0,0,0,0,0,0,0,0,0,0,0,0,0,0,0,0,0,0,0,0,0,0,0,0,0,0,0,0,0,0,0,0,0,0,0,0,0,0,0,0,0,0,0,0,0,0,0,0,0,0,0,0,0,0,0,0,0,0,0,0,0,0,0,0,0,0,0,0,0,0,0,0,0,0,0,0,0,0,0,0,0,0,0,0,0,0,0,0,0,0,0,0,0,0,0,0,0,0,0,0,0,0,0,0,0,0,0,0,0,0,0,0,0,0,0,0,0,0,0,0,0,0,0,0,0,0,0,0,0,0,0,0,1
AD5871HP,UCSD,1,0,13,2,81,17,14,136,224,103,2,129,0,1,0,2,0,0,1,1,0,19,0,1,0,0,242,0,1,1,1,0,1,0,0,0,0,22,0,66,21364,0,2,0,0,68,27,37,10,34,0,3,15,102,0,0,48,50,157,51,0,1,0,298,1,0,56,0,0,1,110,5,7,3,13,143,0,2,1,12,1,9,1,1,1,0,1,1,0,3,0,0,1,0,0,0,0,0,0,0,0,0,0,0,0,0,0,0,0,0,1,0,0,0,0,0,0,0,0,0,0,0,0,1,0,1,0,0,0,0,0,0,0,0,0,0,0,0,0,0,0,0,0,1,0,0,0,0,0,0,0,0,0,0,0,0,0,0,0,0,0,0,0,0,0,0,0,0,0,0,13,0,1,1,1,1,1,1,1,1,1,1,1,1,0,0,0,0,0,0,0,0,0,0,0,0,0,0,0,0,0,0,0,0,0,0,0,0,0,0,0,0,0,0,0,0,0,0,0,0,0,0,0,0,0,0,0,0,0,0,0,0,0,0,0,0,0,0,0,0,0,0,0,0,0,0,0,0,0,0,0,0,0,0,0,0,0,0,0,0,0,0,0,0,0,0,0,0,0,0,0,0,0,0,0,0,0,0,0,0,0,0,0,0,0,0,0,0,0,0,0,0,0,0,0,0,0,0,0,0,0,0,0,0,0,0,0,0,0,0,0,0,0,0,0,0,0,0,0,0,0,0,0,0,0,0,0,0,0,0,0,0,0,0,0,0,0,0,0,0,0,0,0,0,0,0,0,0,0,0,0,0,0,0,0,0,0,0,0,0,0,0,0,0,0,0,0,0,0,0,0,0,0,0,0,0,0,0,0,0,0,0,0,0,0,0,0,0,0,0,0,0,0,0,0,0,0,0,0,0,0,0,0,0,0,0,0,0,0,0,0,0,0,0,0,0,0,0,0,0,0,0,0,0,0,0,0,0,1
AD5872HP,UCSD,0,0,17,1,144,51,18,143,254,108,5,204,0,3,0,1,0,0,1,0,0,37,0,0,2,0,249,0,0,0,1,0,0,0,0,0,0,27,0,125,24454,2,2,1,2,73,38,39,5,53,0,2,30,106,0,0,72,76,244,83,0,2,2,341,0,0,97,0,0,2,132,13,28,6,17,286,0,2,2,32,0,13,2,0,0,0,0,0,0,1,3,1,2,0,0,0,0,0,0,0,0,1,0,0,0,0,0,0,0,0,1,0,0,0,0,1,0,0,1,1,0,0,0,0,1,1,0,0,0,0,0,0,0,0,0,0,0,0,0,0,0,0,0,0,0,0,0,0,0,0,0,0,0,0,0,0,0,0,0,0,0,0,0,0,0,0,0,0,0,0,2,0,0,0,0,0,0,0,0,0,0,0,0,0,1,1,1,1,1,1,0,0,0,0,0,0,0,0,0,0,0,0,0,0,0,0,0,0,0,0,0,0,0,0,0,0,0,0,0,0,0,0,0,0,0,0,0,0,0,0,0,0,0,0,0,0,0,0,0,0,0,0,0,0,0,0,0,0,0,0,0,0,0,0,0,0,0,0,0,0,0,0,0,0,0,0,0,0,0,0,0,0,0,0,0,0,0,0,0,0,0,0,0,0,0,0,0,0,0,0,0,0,0,0,0,0,0,0,0,0,0,0,0,0,0,0,0,0,0,0,0,0,0,0,0,0,0,0,0,0,0,0,0,0,0,0,0,0,0,0,0,0,0,0,0,0,0,0,0,0,0,0,0,0,0,0,0,0,0,0,0,0,0,0,0,0,0,0,0,0,0,0,0,0,0,0,0,0,0,0,0,0,0,0,0,0,0,0,0,0,0,0,0,0,0,0,0,0,0,0,0,0,0,0,0,0,0,0,0,0,0,0,0,0,0,0,0,0,0,0,0,0,0,0,0,0,0,0,0,0,0,0,0,0,0,0,0,0,1
AD5873HP,UCSD,0,0,14,0,141,32,18,133,236,128,2,208,2,4,0,1,0,0,1,0,0,30,0,0,1,0,248,0,1,0,0,0,1,0,0,0,0,34,0,159,25180,2,0,0,0,85,22,44,5,53,0,2,16,132,0,0,76,75,264,84,0,1,0,349,0,0,80,1,0,1,123,5,19,1,18,252,0,1,1,26,1,10,1,0,0,0,0,0,0,2,0,0,3,0,0,0,0,0,0,0,0,1,0,0,0,0,0,0,0,0,0,0,0,0,0,1,0,0,0,0,0,0,0,0,0,0,1,0,0,0,0,0,0,0,0,0,0,0,0,0,0,0,0,0,0,0,0,0,0,0,0,0,0,0,0,0,0,0,0,0,0,0,0,0,0,0,0,0,0,0,1,1,0,0,0,0,0,0,0,0,0,0,0,0,0,0,0,0,1,0,1,1,1,1,1,1,2,0,0,0,0,0,0,0,0,0,0,0,0,0,0,0,0,0,0,0,0,0,0,0,0,0,0,0,0,0,0,0,0,0,0,0,0,0,0,0,0,0,0,0,0,0,0,0,0,0,0,0,0,0,0,0,0,0,0,0,0,0,0,0,0,0,0,0,0,0,0,0,0,0,0,0,0,0,0,0,0,0,0,0,0,0,0,0,0,0,0,0,0,0,0,0,0,0,0,0,0,0,0,0,0,0,0,0,0,0,0,0,0,0,0,0,0,0,0,0,0,0,0,0,0,0,0,0,0,0,0,0,0,0,0,0,0,0,0,0,0,0,0,0,0,0,0,0,0,0,0,0,0,0,0,0,0,0,0,0,0,0,0,0,0,0,0,0,0,0,0,0,0,0,0,0,0,0,0,0,0,0,0,0,0,0,0,0,0,0,0,0,0,0,0,0,0,0,0,0,0,0,0,0,0,0,0,0,0,0,0,0,0,0,0,0,0,0,0,0,0,0,0,0,0,0,0,0,0,0,0,0,1
AD5875HP,UCSD,1,0,15,1,125,18,13,151,231,127,4,185,1,0,0,2,0,0,1,1,0,32,0,0,0,0,218,0,0,0,1,0,0,0,0,0,0,29,0,45,22875,0,0,1,0,81,39,42,6,55,0,1,20,118,0,0,64,71,218,73,0,0,1,326,1,0,67,0,0,2,118,9,17,4,14,148,0,1,0,17,0,11,0,1,0,0,0,0,0,1,2,1,2,0,0,0,0,0,0,0,0,0,1,0,0,0,0,0,0,0,3,0,0,0,0,1,0,0,0,0,0,0,0,0,0,0,0,0,1,0,0,0,1,0,0,0,0,0,0,0,0,0,0,0,0,0,0,0,0,0,0,0,0,0,0,0,0,0,0,0,0,0,0,0,0,0,0,0,0,0,1,1,0,0,0,0,0,0,0,0,0,0,0,0,0,0,0,0,0,0,0,0,0,1,0,0,0,1,1,1,1,1,1,0,0,0,0,0,0,0,0,0,0,0,0,0,0,0,0,0,0,0,0,0,0,0,0,0,0,0,0,0,0,0,0,0,0,0,0,0,0,0,0,0,0,0,0,0,0,0,0,0,0,0,0,0,0,0,0,0,0,0,0,0,0,0,0,0,0,0,0,0,0,0,0,0,0,0,0,0,0,0,0,0,0,0,0,0,0,0,0,0,0,0,0,0,0,0,0,0,0,0,0,0,0,0,0,0,0,0,0,0,0,0,0,0,0,0,0,0,0,0,0,0,0,0,0,0,0,0,0,0,0,0,0,0,0,0,0,0,0,0,0,0,0,0,0,0,0,0,0,0,0,0,0,0,0,0,0,0,0,0,0,0,0,0,0,0,0,0,0,0,0,0,0,0,0,0,0,0,0,0,0,0,0,0,0,0,0,0,0,0,0,0,0,0,0,0,0,0,0,0,0,0,0,0,0,0,0,0,0,0,0,0,0,0,0,0,0,0,0,0,0,0,0,0,0,0,1
AD5876HP,UCSD,2,0,21,1,140,29,13,144,241,108,5,191,0,0,0,1,0,0,1,2,1,44,0,1,4,0,254,0,1,1,1,0,0,0,0,0,0,33,0,69,24836,4,0,1,1,93,39,51,7,47,0,3,25,136,1,0,81,70,273,84,0,1,1,361,1,0,78,0,0,1,120,7,18,13,20,255,0,2,1,21,0,13,5,0,0,0,0,0,0,3,2,0,2,0,0,1,0,0,0,0,0,1,0,0,0,0,0,0,0,0,1,0,0,0,0,0,0,0,0,0,0,0,0,0,0,0,0,0,0,0,0,0,1,0,0,0,0,0,0,0,0,0,0,1,1,0,0,0,0,0,0,0,0,0,0,0,0,1,0,0,0,0,0,0,0,0,0,0,0,0,0,0,0,0,0,0,0,0,0,0,0,0,0,0,0,0,0,0,0,0,0,0,0,0,0,0,0,0,0,0,0,0,0,1,1,1,1,1,0,0,0,0,0,0,0,0,0,0,0,0,0,0,0,0,0,0,0,0,0,0,0,0,0,0,0,0,0,0,0,0,0,0,0,0,0,0,0,0,0,0,0,0,0,0,0,0,0,0,0,0,0,0,0,0,0,0,0,0,0,0,0,0,0,0,0,0,0,0,0,0,0,0,0,0,0,0,0,0,0,0,0,0,0,0,0,0,0,0,0,0,0,0,0,0,0,0,0,0,0,0,0,0,0,0,0,0,0,0,0,0,0,0,0,0,0,0,0,0,0,0,0,0,0,0,0,0,0,0,0,0,0,0,0,0,0,0,0,0,0,0,0,0,0,0,0,0,0,0,0,0,0,0,0,0,0,0,0,0,0,0,0,0,0,0,0,0,0,0,0,0,0,0,0,0,0,0,0,0,0,0,0,0,0,0,0,0,0,0,0,0,0,0,0,0,0,0,0,0,0,0,0,0,0,0,0,0,0,0,0,0,0,0,0,0,0,0,0,0,1
AD5879HP,UCSD,1,0,12,1,79,31,13,144,208,124,2,142,1,1,0,1,0,0,1,0,0,27,0,0,1,0,230,0,0,1,1,0,0,0,0,1,0,20,0,40,22920,2,1,1,0,83,33,39,10,63,0,0,22,118,0,0,47,62,193,70,0,0,0,325,0,0,69,0,0,0,138,4,20,1,10,247,1,3,0,27,0,14,2,1,0,0,0,0,0,0,2,0,1,0,0,1,0,0,0,0,0,0,0,0,0,0,0,0,0,0,0,0,1,0,0,0,0,0,0,0,0,0,0,0,0,0,0,0,0,0,0,0,0,0,0,0,0,0,0,0,0,0,0,0,0,0,0,0,0,0,0,0,0,0,0,0,0,0,0,0,0,0,0,1,0,0,0,0,0,0,1,0,0,0,0,1,0,0,0,0,0,0,0,0,0,0,0,0,0,0,0,0,0,0,0,0,0,0,0,0,0,0,0,0,0,0,0,0,1,1,1,1,1,0,0,0,0,0,0,0,0,0,0,0,0,0,0,0,0,0,0,0,0,0,0,0,0,0,0,0,0,0,0,0,0,0,0,0,0,0,0,0,0,0,0,0,0,0,0,0,0,0,0,0,0,0,0,0,0,0,0,0,0,0,0,0,0,0,0,0,0,0,0,0,0,0,0,0,0,0,0,0,0,0,0,0,0,0,0,0,0,0,0,0,0,0,0,0,0,0,0,0,0,0,0,0,0,0,0,0,0,0,0,0,0,0,0,0,0,0,0,0,0,0,0,0,0,0,0,0,0,0,0,0,0,0,0,0,0,0,0,0,0,0,0,0,0,0,0,0,0,0,0,0,0,0,0,0,0,0,0,0,0,0,0,0,0,0,0,0,0,0,0,0,0,0,0,0,0,0,0,0,0,0,0,0,0,0,0,0,0,0,0,0,0,0,0,0,0,0,0,0,0,0,0,0,0,0,0,0,0,0,0,0,0,0,0,0,1
AD5882HP,UCSD,0,0,23,3,229,44,44,200,323,186,16,213,2,5,0,1,0,0,3,0,0,64,0,1,4,0,337,0,1,0,0,0,1,0,0,0,0,47,0,227,35766,4,2,1,2,152,58,75,11,89,0,3,44,185,1,0,158,183,416,133,0,3,0,455,0,0,142,1,0,2,203,17,40,8,26,385,3,3,4,36,1,20,9,0,0,0,0,0,0,2,2,0,2,0,0,1,0,0,0,0,0,1,0,0,1,0,0,0,0,1,2,0,0,1,0,0,1,0,0,0,0,1,0,0,0,0,0,0,0,0,0,0,0,1,0,1,0,1,0,0,0,1,0,0,0,0,0,0,0,0,0,0,0,0,0,0,0,0,0,0,0,0,0,0,0,0,0,0,1,0,0,0,0,0,0,0,0,0,0,0,0,0,0,0,0,0,0,0,0,0,0,0,0,0,0,0,1,0,0,0,0,0,0,0,0,1,0,0,1,0,0,0,0,1,3,1,1,1,1,1,1,1,1,2,3,3,2,1,18,1,1,0,0,0,0,0,0,0,0,0,0,0,0,0,0,0,0,0,0,0,0,0,0,0,0,0,0,0,0,0,0,0,0,0,0,0,0,0,0,0,0,0,0,0,0,0,0,0,0,0,0,0,0,0,0,0,0,0,0,0,0,0,0,0,0,0,0,0,0,0,0,0,0,0,0,0,0,0,0,0,0,0,0,0,0,0,0,0,0,0,0,0,0,0,0,0,0,0,0,0,0,0,0,0,0,0,0,0,0,0,0,0,0,0,0,0,0,0,0,0,0,0,0,0,0,0,0,0,0,0,0,0,0,0,0,0,0,0,0,0,0,0,0,0,0,0,0,0,0,0,0,0,0,0,0,0,0,0,0,0,0,0,0,0,0,0,0,0,0,0,0,0,0,0,0,0,0,0,0,0,0,0,0,0,0,0,0,0,0,0,0,0,0,0,0,0,0,0,1
AD5897HP,UCSD,0,0,16,1,110,19,22,143,251,114,4,181,1,0,0,2,0,0,1,0,0,32,0,1,0,0,248,0,1,0,0,0,0,0,0,0,0,28,0,36,23637,0,0,0,0,89,35,35,10,55,0,0,13,130,0,0,47,76,184,51,0,0,0,345,1,0,82,0,0,2,145,4,21,3,8,179,0,3,0,15,1,10,4,0,0,0,0,0,0,2,1,1,3,0,0,0,0,0,0,0,0,2,0,0,0,0,0,0,0,0,1,0,0,0,0,0,0,0,0,0,0,0,0,1,0,0,1,0,0,0,0,0,0,0,0,0,0,0,0,0,0,0,0,0,1,0,0,0,0,0,0,0,0,0,0,0,0,0,0,0,0,0,0,0,0,0,0,0,0,1,0,0,0,0,1,0,0,0,0,0,0,0,0,0,0,0,0,0,0,0,0,0,0,0,0,1,0,0,0,0,0,0,0,0,0,0,0,0,0,0,0,0,1,0,0,0,0,0,0,0,0,0,0,0,0,0,0,0,0,0,0,1,1,1,1,1,1,1,1,0,0,0,0,0,0,0,0,0,0,0,0,0,0,0,0,0,0,0,0,0,0,0,0,0,0,0,0,0,0,0,0,0,0,0,0,0,0,0,0,0,0,0,0,0,0,0,0,0,0,0,0,0,0,0,0,0,0,0,0,0,0,0,0,0,0,0,0,0,0,0,0,0,0,0,0,0,0,0,0,0,0,0,0,0,0,0,0,0,0,0,0,0,0,0,0,0,0,0,0,0,0,0,0,0,0,0,0,0,0,0,0,0,0,0,0,0,0,0,0,0,0,0,0,0,0,0,0,0,0,0,0,0,0,0,0,0,0,0,0,0,0,0,0,0,0,0,0,0,0,0,0,0,0,0,0,0,0,0,0,0,0,0,0,0,0,0,0,0,0,0,0,0,0,0,0,0,0,0,0,0,0,0,0,0,0,0,0,0,1
AD5908HP,UCSD,2,0,24,1,181,48,44,230,372,203,19,250,1,2,0,1,0,0,9,2,0,77,0,0,5,0,379,0,0,0,1,0,1,0,1,0,0,64,0,151,40611,2,0,1,0,142,61,88,17,97,0,5,93,185,0,0,173,293,488,122,0,2,0,527,2,0,148,0,0,3,199,21,47,4,38,408,0,3,0,78,2,27,6,0,0,0,1,1,0,1,1,0,3,0,0,1,0,0,0,1,1,4,0,0,0,0,0,0,0,1,1,0,0,0,0,1,1,0,0,2,0,1,0,0,0,0,0,0,0,0,1,0,1,1,0,0,0,1,0,0,0,1,0,1,0,0,0,0,0,0,0,0,0,0,0,0,0,0,0,0,0,0,0,0,0,0,0,1,1,0,2,0,0,0,0,0,0,0,0,0,0,0,0,0,0,0,1,0,0,0,0,0,0,1,0,0,0,0,0,0,1,0,0,0,0,0,0,0,1,0,0,1,0,0,2,0,0,0,0,0,0,0,0,1,5,2,0,0,18,0,1,0,0,1,1,0,0,0,0,1,1,1,1,1,1,1,1,1,1,1,0,0,0,0,0,0,0,0,0,0,0,0,0,0,0,0,0,0,0,0,0,0,0,0,0,0,0,0,0,0,0,0,0,0,0,0,0,0,0,0,0,0,0,0,0,0,0,0,0,0,0,0,0,0,0,0,0,0,0,0,0,0,0,0,0,0,0,0,0,0,0,0,0,0,0,0,0,0,0,0,0,0,0,0,0,0,0,0,0,0,0,0,0,0,0,0,0,0,0,0,0,0,0,0,0,0,0,0,0,0,0,0,0,0,0,0,0,0,0,0,0,0,0,0,0,0,0,0,0,0,0,0,0,0,0,0,0,0,0,0,0,0,0,0,0,0,0,0,0,0,0,0,0,0,0,0,0,0,0,0,0,0,0,0,0,0,0,0,0,0,0,0,0,0,0,0,0,0,1
CW14_025,Pitt,0,0,18,0,228,33,42,203,328,182,7,301,1,4,0,1,0,0,1,0,0,47,0,0,4,0,365,0,0,0,0,0,0,0,0,0,0,44,0,47,33347,3,1,0,1,121,50,73,13,80,0,0,43,176,0,0,113,123,399,100,0,0,1,436,1,0,141,0,0,1,190,14,43,12,28,41,0,2,0,25,3,26,11,1,0,0,0,0,0,0,2,0,1,0,0,0,0,0,0,0,1,0,0,0,0,0,0,0,0,0,1,1,0,1,0,1,0,0,0,0,0,0,0,0,0,0,0,0,0,0,0,0,1,0,0,0,0,0,0,0,0,0,0,0,0,0,0,1,0,0,0,0,0,0,0,0,0,1,0,0,0,0,0,0,0,0,0,0,0,0,1,0,0,0,0,0,0,0,0,0,0,1,0,0,0,0,0,0,0,0,0,0,0,0,0,0,0,0,0,0,0,0,0,0,0,0,0,0,0,0,0,0,0,0,0,0,0,0,0,0,0,0,0,0,0,0,0,0,0,0,0,0,0,0,2,0,0,0,0,0,0,0,0,0,0,0,0,0,0,0,1,1,1,1,2,1,2,1,2,1,1,0,0,0,0,0,0,0,0,0,0,0,0,0,0,0,0,0,0,0,0,0,0,0,0,0,0,0,0,0,0,0,0,0,0,0,0,0,0,0,0,0,0,0,0,0,0,0,0,0,0,0,0,0,0,0,0,0,0,0,0,0,0,0,0,0,0,0,0,0,0,0,0,0,0,0,0,0,0,0,0,0,0,0,0,0,0,0,0,0,0,0,0,0,0,0,0,0,0,0,0,0,0,0,0,0,0,0,0,0,0,0,0,0,0,0,0,0,0,0,0,0,0,0,0,0,0,0,0,0,0,0,0,0,0,0,0,0,0,0,0,0,0,0,0,0,0,0,0,0,0,0,0,0,0,0,0,0,0,0,0,0,0,0,0,0,0,0,0
CW15_033,Pitt,1,0,18,0,226,46,38,207,292,177,6,355,0,1,0,1,0,0,1,0,0,54,0,0,3,0,315,3,0,0,0,0,0,0,0,0,0,39,1,65,34134,4,1,1,5,134,37,69,13,74,0,2,43,158,0,0,132,156,426,107,0,1,1,466,1,0,124,0,0,2,204,6,37,9,29,52,0,2,2,39,4,18,20,0,0,0,0,0,0,0,3,0,1,0,0,0,0,0,0,0,0,1,0,0,0,0,0,0,0,1,6,0,0,0,0,0,2,0,0,0,0,0,0,0,0,0,0,0,0,0,0,0,0,1,0,1,0,0,0,0,0,2,0,0,0,0,0,0,0,0,0,0,0,0,0,0,0,0,0,0,0,0,0,1,0,0,0,0,0,0,2,0,0,0,0,0,0,0,0,0,0,0,0,0,0,0,0,0,0,0,0,0,0,0,0,0,0,0,0,0,0,0,0,0,0,0,0,0,0,0,0,0,0,0,0,0,0,0,0,0,0,0,0,0,0,0,0,0,0,0,0,0,0,0,0,0,0,0,0,0,0,0,0,0,0,0,0,0,0,2,0,1,0,0,1,2,0,1,0,0,0,1,1,1,1,1,1,1,1,1,1,2,1,1,0,0,0,0,0,0,0,0,0,0,0,0,0,0,0,0,0,0,0,0,0,0,0,0,0,0,0,0,0,0,0,0,0,0,0,0,0,0,0,0,0,0,0,0,0,0,0,0,0,0,0,0,0,0,0,0,0,0,0,0,0,0,0,0,0,0,0,0,0,0,0,0,0,0,0,0,0,0,0,0,0,0,0,0,0,0,0,0,0,0,0,0,0,0,0,0,0,0,0,0,0,0,0,0,0,0,0,0,0,0,0,0,0,0,0,0,0,0,0,0,0,0,0,0,0,0,0,0,0,0,0,0,0,0,0,0,0,0,0,0,0,0,0,0,0,0,0,0,0,0,0,0,0,0,1
CW18_024,Pitt,0,0,24,2,158,29,21,161,293,148,5,211,1,4,0,0,0,0,3,0,0,33,0,1,2,0,272,0,0,0,0,0,0,0,0,0,0,42,0,93,28329,0,0,1,2,106,39,53,5,56,0,1,28,142,0,0,72,93,267,64,0,0,0,381,1,0,112,0,0,1,143,5,33,7,20,42,0,1,0,21,1,14,6,0,1,0,0,0,0,0,1,1,1,1,0,1,0,0,0,0,0,0,0,0,0,0,0,0,0,0,1,0,0,0,0,0,1,0,0,0,0,0,0,0,0,0,0,0,0,0,0,0,1,0,0,1,0,0,0,0,0,0,0,0,0,0,0,0,0,0,0,0,0,0,0,0,0,0,0,0,0,0,0,0,0,0,0,0,0,0,0,0,0,0,0,0,0,0,0,0,0,0,0,0,0,0,0,0,0,0,0,0,0,0,0,0,0,0,0,0,0,0,0,0,0,0,0,0,0,0,0,0,0,0,0,0,0,0,0,0,0,0,0,18,39,15,10,0,0,0,0,0,0,0,0,0,0,0,0,0,0,0,1,0,0,0,0,0,0,0,0,1,0,0,0,0,0,0,0,0,0,0,0,1,0,0,0,0,0,0,0,0,0,0,1,2,3,1,4,1,1,1,1,0,0,0,0,0,0,0,0,0,0,0,0,0,0,0,0,0,0,0,0,0,0,0,0,0,0,0,0,0,0,0,0,0,0,0,0,0,0,0,0,0,0,0,0,0,0,0,0,0,0,0,0,0,0,0,0,0,0,0,0,0,0,0,0,0,0,0,0,0,0,0,0,0,0,0,0,0,0,0,0,0,0,0,0,0,0,0,0,0,0,0,0,0,0,0,0,0,0,0,0,0,0,0,0,0,0,0,0,0,0,0,0,0,0,0,0,0,0,0,0,0,0,0,0,0,0,0,0,0,0,0,0,0,0,0,0,0,0,0,0,0,0,0,0,0,1
CW19_017,Pitt,1,0,21,1,228,28,32,185,288,146,11,318,1,5,0,0,0,0,9,0,0,47,3,0,6,0,297,0,0,0,0,0,0,0,0,0,0,35,0,193,30914,4,0,1,0,114,37,60,8,75,0,2,49,136,0,0,119,155,367,117,0,1,2,421,1,0,111,0,0,4,172,15,35,7,20,89,0,2,0,41,4,15,10,0,0,0,0,0,0,0,2,0,1,0,0,0,0,0,0,0,0,1,1,0,0,0,0,0,0,0,1,1,0,0,0,0,0,0,0,0,0,0,0,0,0,0,0,0,0,0,0,0,0,1,0,1,0,0,0,0,0,0,0,0,0,0,0,0,0,0,0,0,0,0,0,0,0,0,0,0,0,0,0,0,0,0,0,0,0,0,0,0,0,0,0,0,0,0,0,0,0,0,0,0,0,0,0,0,0,0,0,0,0,0,0,0,0,0,0,0,0,0,0,0,0,0,0,0,0,0,0,0,0,0,0,0,0,0,0,0,0,0,1,27,71,47,18,0,0,0,0,0,0,0,1,0,0,0,0,0,0,0,0,1,0,0,0,0,0,0,0,1,0,0,0,0,1,0,0,0,0,0,0,1,0,0,0,0,0,3,1,0,0,0,0,1,3,1,1,0,1,0,1,1,3,1,2,1,1,1,1,0,0,0,0,0,0,0,0,0,0,0,0,0,0,0,0,0,0,0,0,0,0,0,0,0,0,0,0,0,0,0,0,0,0,0,0,0,0,0,0,0,0,0,0,0,0,0,0,0,0,0,0,0,0,0,0,0,0,0,0,0,0,0,0,0,0,0,0,0,0,0,0,0,0,0,0,0,0,0,0,0,0,0,0,0,0,0,0,0,0,0,0,0,0,0,0,0,0,0,0,0,0,0,0,0,0,0,0,0,0,0,0,0,0,0,0,0,0,0,0,0,0,0,0,0,0,0,0,0,0,0,0,0,0,0,0,0,0
CW19_023,Pitt,1,0,15,1,170,28,18,179,280,137,6,271,1,2,0,1,0,0,2,0,0,39,0,0,1,0,265,0,0,0,0,0,0,0,0,0,0,30,0,257,32022,1,1,0,1,122,34,66,7,59,0,1,26,144,0,0,110,121,321,94,0,2,0,408,1,0,110,0,0,5,168,8,30,7,20,63,1,2,1,43,3,11,0,1,0,0,0,0,0,0,3,0,1,0,0,1,0,0,0,0,0,1,1,0,0,0,0,0,0,0,2,0,0,0,0,1,0,0,0,0,0,0,0,0,0,0,0,0,0,0,0,0,0,0,0,0,0,1,0,0,0,0,0,0,0,0,0,0,0,0,0,0,0,0,0,0,0,1,0,0,0,0,0,0,0,0,0,0,0,0,0,0,0,0,0,0,0,0,0,0,0,0,0,0,0,0,0,0,0,0,0,0,0,0,0,0,0,0,0,0,0,0,0,0,0,0,0,0,0,0,0,0,0,0,2,0,0,0,0,0,0,0,0,1,0,0,0,0,0,0,0,0,0,0,0,0,0,0,0,0,0,0,0,0,0,0,0,0,0,0,0,0,0,0,0,1,1,1,0,0,0,0,0,1,0,0,0,0,0,0,1,0,0,0,0,0,0,0,0,1,0,0,0,0,0,1,0,0,0,0,0,1,1,1,1,1,1,1,1,1,0,0,0,0,0,0,0,0,0,0,0,0,0,0,0,0,0,0,0,0,0,0,0,0,0,0,0,0,0,0,0,0,0,0,0,0,0,0,0,0,0,0,0,0,0,0,0,0,0,0,0,0,0,0,0,0,0,0,0,0,0,0,0,0,0,0,0,0,0,0,0,0,0,0,0,0,0,0,0,0,0,0,0,0,0,0,0,0,0,0,0,0,0,0,0,0,0,0,0,0,0,0,0,0,0,0,0,0,0,0,0,0,0,0,0,0,0,0,0,0,0,0,0,0,0,0,0,0,1
CW99_033,Pitt,1,0,20,1,178,39,20,213,301,150,11,234,0,1,0,0,0,0,4,0,0,38,1,0,1,0,296,0,0,0,0,0,0,0,0,0,0,40,0,50,36551,2,0,0,0,114,47,76,11,83,0,2,109,154,0,0,101,223,321,91,0,0,0,420,1,0,125,0,0,3,187,5,45,10,18,44,0,2,0,56,4,25,8,0,0,0,0,0,0,0,2,0,3,0,0,0,0,0,0,0,0,2,0,0,0,0,0,0,0,0,1,0,0,0,0,0,1,0,0,0,0,0,0,0,0,0,0,0,0,0,0,0,0,0,0,0,0,0,0,0,0,0,0,0,0,0,0,0,0,0,0,0,0,0,0,0,1,0,0,0,0,0,0,0,0,0,0,0,0,0,1,1,0,0,0,0,0,0,0,0,0,0,0,1,0,0,0,0,0,0,0,0,0,0,0,0,0,0,0,0,0,0,0,0,0,0,0,0,0,0,1,0,0,0,0,0,0,0,0,0,0,0,0,0,0,0,0,0,0,0,0,1,0,0,0,0,0,0,0,0,0,0,0,0,0,0,0,0,0,0,0,0,0,0,0,1,0,0,0,0,0,0,0,1,0,0,0,0,0,0,0,1,0,0,0,0,0,0,0,0,0,0,0,0,0,0,0,0,0,0,0,0,0,0,0,0,0,0,0,0,1,1,0,0,0,0,0,0,0,0,0,0,0,0,0,0,0,0,0,0,0,0,0,0,0,0,0,0,0,0,0,0,0,0,0,0,0,0,0,0,0,0,0,0,0,0,0,0,0,0,0,0,0,0,0,0,0,0,0,0,0,0,0,0,0,0,0,0,0,0,0,0,0,0,0,0,0,0,0,0,0,0,0,0,0,0,0,0,0,0,0,0,0,0,0,0,0,0,0,0,0,0,0,0,0,0,0,0,0,0,0,0,0,0,0,0,0,0,0,0,0,0,0,0,0,0,0,0,0
NAD129606HP,MSSM,2,0,25,1,137,39,11,150,261,130,3,222,1,0,0,2,0,0,1,4,0,44,0,0,0,0,262,0,1,1,0,0,0,0,2,1,0,30,0,303,26285,0,2,1,0,99,28,43,10,46,0,2,32,139,0,1,86,60,276,90,1,1,0,358,2,0,95,0,0,1,139,7,18,2,18,309,1,3,4,28,1,15,3,0,0,0,0,0,0,2,1,0,2,0,0,2,0,0,0,0,0,1,0,0,0,0,0,0,0,0,1,0,0,0,0,0,1,0,0,0,0,0,2,1,0,0,0,0,0,0,0,0,0,0,0,1,0,0,0,0,0,0,0,0,0,0,0,0,0,0,0,1,0,0,0,0,0,0,0,0,0,0,0,0,0,2,0,1,0,0,2,0,0,0,0,0,0,0,0,0,0,0,0,0,0,0,0,0,0,0,0,0,0,0,0,0,0,0,0,0,0,0,0,0,0,0,0,0,0,0,0,0,1,0,0,0,0,0,0,0,0,0,0,3,0,2,0,0,0,0,0,0,0,0,0,0,0,0,0,0,0,0,0,0,0,0,0,0,0,0,0,0,0,0,0,0,0,0,0,0,0,0,0,0,0,0,0,0,0,0,0,0,0,0,0,0,0,0,0,0,0,0,0,0,0,0,0,0,0,0,0,0,0,0,0,0,0,0,0,0,1,1,1,1,1,1,0,0,0,0,0,0,0,0,0,0,0,0,0,0,0,0,0,0,0,0,0,0,0,0,0,0,0,0,0,0,0,0,0,0,0,0,0,0,0,0,0,0,0,0,0,0,0,0,0,0,0,0,0,0,0,0,0,0,0,0,0,0,0,0,0,0,0,0,0,0,0,0,0,0,0,0,0,0,0,0,0,0,0,0,0,0,0,0,0,0,0,0,0,0,0,0,0,0,0,0,0,0,0,0,0,0,0,0,0,0,0,0,0,0,0,0,0,0,0,0,0,0,0
NAD140562HP,MSSM,0,0,17,1,55,7,12,116,212,91,9,90,1,1,0,1,1,0,1,0,0,13,0,1,0,0,217,0,0,0,0,0,1,0,0,0,0,23,0,68,20691,1,0,1,0,73,26,31,8,37,1,2,16,116,0,0,37,47,124,22,0,2,1,307,1,0,60,0,0,2,122,4,19,1,7,131,0,2,0,16,1,3,1,1,0,0,0,0,0,4,2,0,1,2,0,1,0,0,0,0,0,0,0,0,0,0,0,0,0,0,1,0,0,0,0,0,0,0,0,0,0,0,1,0,0,0,0,0,0,0,0,0,0,0,0,0,0,0,0,0,0,0,0,0,0,0,0,0,0,0,0,0,0,0,0,0,0,0,1,0,0,1,0,2,0,1,0,0,1,0,0,1,0,0,1,0,0,0,0,0,0,0,0,0,0,0,0,0,1,0,0,1,0,1,1,0,0,0,0,0,0,0,0,0,0,0,0,0,0,1,0,0,1,0,0,0,0,1,0,0,0,0,0,0,0,0,0,0,0,0,0,0,0,0,0,0,0,0,0,0,0,0,0,0,0,0,0,0,0,0,0,0,0,0,0,1,0,0,0,0,0,0,0,0,0,0,0,0,0,0,0,0,0,0,0,0,0,0,0,0,0,0,0,0,0,0,0,0,0,0,0,1,0,0,0,0,0,0,0,0,0,0,0,0,0,0,1,1,1,1,1,1,1,1,1,1,1,1,0,0,0,0,0,0,0,0,0,0,0,0,0,0,0,0,0,0,0,0,0,0,0,0,0,0,0,0,0,0,0,0,0,0,0,0,0,0,0,0,0,0,0,0,0,0,0,0,0,0,0,0,0,0,0,0,0,0,0,0,0,0,0,0,0,0,0,0,0,0,0,0,0,0,0,0,0,0,0,0,0,0,0,0,0,0,0,0,0,0,0,0,0,0,0,0,0,0,0,0,0,0,0,0,0,0,0,0,0,0,0
NAD165991HP,MSSM,0,0,17,1,83,2,14,126,223,105,1,108,0,3,0,1,0,0,1,0,1,20,0,0,0,0,218,2,0,0,0,1,1,0,1,1,0,23,0,86,22801,1,0,0,1,86,28,41,8,46,0,1,19,120,0,0,31,43,146,49,0,2,0,329,0,0,69,0,0,0,120,6,13,2,12,199,0,2,0,14,1,16,0,0,0,0,0,1,0,2,0,0,1,0,0,0,0,1,0,0,0,0,0,0,1,0,0,1,0,0,1,0,0,0,0,0,0,0,1,2,0,0,1,0,0,0,0,0,0,0,1,0,1,0,0,0,0,0,0,0,0,0,0,0,0,0,0,0,0,0,0,1,0,0,0,0,0,0,0,0,0,0,0,0,0,1,0,2,0,0,0,0,1,0,2,0,0,0,0,0,0,0,0,1,0,0,0,0,0,0,0,0,1,0,0,0,0,0,1,0,0,0,0,0,0,0,2,0,0,0,0,0,1,0,0,0,1,0,0,1,0,0,0,0,1,0,0,0,0,0,0,0,1,2,0,0,0,0,0,0,0,0,0,0,1,0,0,0,0,0,0,0,0,0,0,0,0,0,0,0,0,0,0,0,0,0,0,0,0,0,0,0,0,0,0,0,0,0,0,0,0,0,0,0,0,0,0,0,0,0,0,0,0,0,0,0,0,0,0,0,0,0,0,0,1,0,0,0,0,0,0,0,0,0,0,0,0,0,1,1,1,1,1,1,1,1,1,1,0,0,0,0,0,0,0,0,0,0,0,0,0,0,0,0,0,0,0,0,0,0,0,0,0,0,0,0,0,0,0,0,0,0,0,0,0,0,0,0,0,0,0,0,0,0,0,0,0,0,0,0,0,0,0,0,0,0,0,0,0,0,0,0,0,0,0,0,0,0,0,0,0,0,0,0,0,0,0,0,0,0,0,0,0,0,0,0,0,0,0,0,0,0,0,0,0,0,0,0,0
NAD286082HP,MSSM,0,0,21,1,44,3,4,125,217,100,2,63,0,1,0,1,0,0,1,0,0,14,0,0,0,0,214,0,0,1,0,0,0,0,1,0,0,22,1,112,20447,0,0,0,2,79,20,27,15,41,0,1,15,108,0,0,33,40,111,22,0,0,0,289,1,0,68,0,0,1,112,3,11,3,6,161,0,2,0,8,1,7,1,0,0,0,0,0,0,0,0,0,0,0,0,0,0,0,0,1,0,1,0,0,0,0,0,0,0,0,0,0,0,0,0,0,0,0,0,0,0,1,0,0,1,0,0,0,0,0,0,0,0,0,0,1,0,0,0,0,0,0,0,0,0,0,0,0,0,0,0,0,0,0,0,0,0,0,0,0,0,0,0,0,0,0,0,0,0,0,1,0,0,0,0,0,0,0,0,0,0,0,0,0,0,0,0,0,0,0,0,0,0,0,0,0,0,0,1,0,0,0,0,0,0,0,0,0,0,0,0,0,0,0,0,0,0,0,0,0,0,0,0,0,0,0,0,0,0,0,0,0,0,0,0,0,1,0,0,0,0,0,0,0,0,0,0,0,0,0,0,0,0,0,0,0,0,0,0,0,0,0,0,0,0,0,0,0,0,0,0,0,0,0,0,0,0,0,0,0,0,0,0,0,0,0,0,0,0,0,0,0,0,0,0,0,0,0,0,0,0,0,0,0,0,0,0,0,0,0,0,0,0,0,0,0,0,0,0,0,0,0,0,0,0,0,0,0,1,1,1,0,0,0,0,0,0,0,0,0,0,0,0,0,0,0,0,0,0,0,0,0,0,0,0,0,0,0,0,0,0,0,0,0,0,0,0,0,0,0,0,0,0,0,0,0,0,0,0,0,0,0,0,0,0,0,0,0,0,0,0,0,0,0,0,0,0,0,0,0,0,0,0,0,0,0,0,0,0,0,0,0,0,0,0,0,0,0,0,0,0,0,0,0,0,0,0,0,0
NAD5485HP,UCSD,2,0,18,1,100,24,21,148,221,102,4,151,0,3,0,2,0,0,2,0,0,24,0,0,6,0,254,1,1,1,1,1,4,0,0,2,0,28,1,69,22177,2,0,1,1,66,28,32,8,51,0,0,20,125,0,0,58,79,164,61,0,1,0,332,0,0,84,1,0,0,119,7,14,3,14,189,1,2,2,14,1,13,0,1,0,0,0,1,0,8,1,0,1,0,0,0,0,0,0,0,1,0,0,0,1,0,0,0,0,0,2,0,0,0,0,0,0,0,1,0,0,1,0,0,3,1,0,1,0,0,0,0,0,0,0,1,0,0,0,0,1,0,0,0,1,0,0,1,0,0,0,0,0,0,0,0,0,1,0,0,0,0,0,0,0,0,0,1,0,0,0,0,0,0,1,1,1,0,0,1,0,0,0,0,0,0,0,0,0,0,0,0,0,1,0,0,0,0,0,0,0,0,0,0,0,0,0,0,0,0,0,0,0,0,0,0,0,0,3,1,0,0,0,0,0,0,0,0,0,0,0,0,1,0,0,0,0,0,0,0,0,1,0,0,2,0,0,0,0,0,0,0,0,0,0,0,0,0,0,0,0,0,0,0,0,0,0,0,0,0,0,0,0,0,0,0,0,0,0,0,0,0,0,0,0,0,0,0,0,0,0,0,0,0,0,0,0,0,0,0,0,0,0,0,0,0,1,0,0,0,1,0,1,0,0,0,0,0,0,0,2,0,0,0,0,0,0,0,0,0,0,1,1,1,2,1,1,1,4,1,1,1,1,1,0,0,0,0,0,0,0,0,0,0,0,0,0,0,0,0,0,0,0,0,0,0,0,0,0,0,0,0,0,0,0,0,0,0,0,0,0,0,0,0,0,0,0,0,0,0,0,0,0,0,0,0,0,0,0,0,0,0,0,0,0,0,0,0,0,0,0,0,0,0,0,0,0,0,0,0,0,0,0,0,0,0,0,0,0
NAD5495HP,UCSD,1,0,19,0,55,3,5,132,203,97,0,98,0,1,0,2,0,0,2,0,1,12,0,0,0,0,202,1,0,1,0,0,0,0,0,0,0,19,0,43,19959,0,0,1,0,62,22,30,11,42,0,2,17,109,0,0,31,36,109,35,1,3,0,304,1,0,70,0,0,1,120,2,10,1,11,148,0,2,0,12,2,11,3,0,1,0,0,0,0,1,0,0,0,0,0,0,0,0,0,0,0,0,1,0,0,0,0,0,0,0,1,0,0,0,0,0,1,0,0,1,0,2,0,0,1,0,0,0,2,0,0,0,0,1,0,0,0,0,0,0,0,0,0,0,0,0,0,0,0,1,0,0,0,0,0,0,0,0,0,0,0,0,0,0,0,0,0,1,0,0,0,0,0,0,0,0,0,0,0,1,0,0,0,0,0,0,0,0,0,0,0,0,0,0,0,0,0,0,0,0,1,0,0,0,0,0,0,0,1,0,0,0,0,0,0,0,0,0,1,0,0,0,0,0,0,0,0,0,0,0,0,0,0,1,0,0,0,0,0,0,0,0,0,0,1,0,0,0,0,0,0,0,0,0,0,0,0,0,0,0,0,0,0,0,0,0,0,0,0,0,0,0,0,0,0,0,0,0,0,0,0,0,0,0,0,0,0,0,0,0,0,0,0,0,0,0,0,0,0,0,0,0,0,0,0,0,0,0,0,0,0,0,0,0,0,0,0,0,0,0,0,0,0,0,1,0,0,0,0,1,0,0,0,0,1,1,0,0,0,1,0,0,0,0,1,1,1,1,1,1,1,1,1,0,0,0,0,0,0,0,0,0,0,0,0,0,0,0,0,0,0,0,0,0,0,0,0,0,0,0,0,0,0,0,0,0,0,0,0,0,0,0,0,0,0,0,0,0,0,0,0,0,0,0,0,0,0,0,0,0,0,0,0,0,0,0,0,0,0,0,0,0,0,0,0,0,0,0,0
NAD5655HP,UCSD,1,0,15,0,115,27,13,136,207,106,7,156,0,2,0,1,0,0,1,0,0,28,0,0,1,0,228,0,6,1,1,0,8,0,3,2,1,23,0,103,21570,1,0,1,1,69,27,33,9,42,0,0,18,109,0,0,59,56,202,63,1,0,0,312,0,0,69,2,0,0,109,6,14,3,10,248,0,2,2,18,1,5,2,0,1,0,1,0,0,8,1,0,0,0,0,0,0,1,0,0,0,0,0,0,0,0,0,0,0,0,1,0,0,0,0,0,1,0,0,3,0,0,2,0,0,0,0,1,0,0,0,0,0,0,0,0,0,0,0,1,0,0,0,0,0,0,0,0,0,0,0,0,0,0,0,0,0,0,0,0,0,0,0,0,0,0,0,1,0,0,0,2,0,0,1,0,1,0,0,1,0,0,0,0,0,0,0,0,0,0,0,0,0,2,0,1,0,1,1,1,0,1,0,0,0,0,1,0,1,0,0,0,0,0,0,0,1,0,2,2,0,0,0,0,0,0,0,0,0,0,0,1,1,0,0,0,0,0,0,0,0,0,0,1,1,0,0,0,0,0,0,0,1,0,0,0,0,0,0,0,0,0,0,0,0,0,0,0,0,0,0,0,0,0,0,0,0,0,0,0,0,0,0,0,0,0,0,0,0,0,0,0,0,0,0,0,0,0,0,0,0,0,0,0,0,0,0,0,0,0,0,0,0,0,0,0,0,1,0,0,0,0,0,0,0,0,0,0,0,0,0,0,0,1,0,0,0,0,1,0,0,0,0,0,0,0,0,0,0,0,0,0,0,1,1,1,1,1,2,1,1,1,3,1,3,0,0,0,0,0,0,0,0,0,0,0,0,0,0,0,0,0,0,0,0,0,0,0,0,0,0,0,0,0,0,0,0,0,0,0,0,0,0,0,0,0,0,0,0,0,0,0,0,0,0,0,0,0,0,0,0,0,0,0,0,0,0,0,0
NAD5687HP,UCSD,2,0,13,1,141,31,18,147,222,117,4,201,0,0,0,1,0,0,3,0,1,35,0,1,3,0,223,0,2,1,1,0,1,0,0,0,0,19,0,203,23032,0,0,0,0,74,21,39,7,62,0,2,22,119,0,0,64,80,235,98,0,3,0,340,1,0,72,0,0,3,109,3,13,3,9,266,1,1,3,20,0,7,3,1,0,0,0,1,1,4,2,0,1,0,0,0,0,0,0,0,0,0,0,0,0,0,0,0,0,0,0,0,0,0,0,0,0,0,0,0,0,1,1,1,0,0,1,3,0,0,0,0,0,0,0,0,0,0,0,0,1,0,0,0,0,0,0,0,0,0,0,0,0,0,0,0,0,0,0,0,0,0,0,0,0,1,0,2,0,0,0,1,0,0,0,0,0,0,0,1,0,0,0,0,0,0,0,0,0,0,0,0,0,2,0,0,0,0,1,0,0,0,0,0,0,0,0,0,0,0,1,0,0,0,0,0,0,0,1,0,0,0,0,0,0,0,0,0,0,0,0,0,0,0,0,0,0,0,0,0,0,0,0,0,0,0,0,0,0,1,0,0,0,0,0,0,0,0,0,0,0,0,0,0,0,0,0,0,0,0,0,0,0,0,0,0,0,0,0,0,0,0,0,0,0,0,0,0,0,0,0,0,0,0,0,0,0,0,0,0,0,0,0,0,0,0,0,0,0,0,1,0,0,0,0,0,0,0,0,0,0,0,0,0,0,0,0,0,0,1,0,1,0,0,0,0,0,0,0,0,0,0,0,0,0,0,0,1,0,0,0,0,0,0,0,0,0,0,0,0,0,0,1,0,0,1,1,1,1,1,1,1,1,1,0,0,0,0,0,0,0,0,0,0,0,0,0,0,0,0,0,0,0,0,0,0,0,0,0,0,0,0,0,0,0,0,0,0,0,0,0,0,0,0,0,0,0,0,0,0,0,0,0,0,0,0,0,0,0
NAD5783HP,UCSD,2,0,19,0,115,8,12,130,221,113,6,202,0,0,0,1,0,0,7,1,0,33,0,0,0,0,207,1,6,4,3,0,9,0,2,2,0,26,0,193,21491,0,2,1,0,74,11,30,8,43,0,2,20,102,0,0,64,50,211,81,0,0,0,303,1,0,65,0,0,0,116,4,13,1,11,335,1,3,2,23,3,7,2,0,1,1,0,1,1,16,1,1,0,0,0,0,0,0,0,0,0,1,0,1,0,0,0,0,0,0,0,0,1,0,0,0,0,0,0,1,0,3,2,0,2,1,0,0,1,0,3,0,0,0,0,1,0,0,0,0,0,0,0,0,0,0,0,0,0,0,1,1,0,0,0,0,0,0,0,0,0,0,0,0,0,1,1,1,0,0,0,0,0,0,1,2,0,0,0,1,0,0,0,0,0,0,0,1,1,0,0,0,0,4,1,0,1,0,1,1,0,0,0,0,0,0,0,0,0,0,0,0,1,0,0,2,0,0,1,1,0,0,0,0,0,0,0,0,0,0,0,1,0,1,0,0,0,0,0,0,1,0,0,0,2,0,1,0,0,0,0,1,0,0,0,0,0,0,0,0,0,0,0,0,0,0,0,0,0,0,0,0,0,0,0,0,0,0,0,0,0,0,0,0,0,0,0,0,0,0,0,0,0,0,0,0,0,0,0,0,0,0,0,1,0,0,0,0,0,0,0,0,0,0,0,0,0,2,0,0,2,0,0,0,0,0,0,0,1,0,0,1,0,0,1,0,0,1,0,0,1,0,0,0,0,0,0,1,0,0,0,0,0,18,0,0,1,0,0,1,0,1,0,0,37,0,0,0,0,1,0,0,0,0,1,2,1,1,1,1,1,1,1,1,1,1,1,2,1,1,1,1,1,1,1,1,1,0,0,0,0,0,0,0,0,0,0,0,0,0,0,0,0,0,0,0,0,0,0,0,0,0,0,0,0,0,0,0,0
NAD5803HP,UCSD,0,0,16,0,69,4,7,139,243,111,1,90,0,1,1,1,0,0,2,0,0,20,0,0,1,0,234,1,1,0,0,1,2,0,1,0,1,27,0,36,21356,1,0,1,0,67,18,40,11,41,0,4,20,106,0,0,40,46,139,34,0,0,0,331,1,0,65,1,0,4,121,1,19,2,7,182,1,3,0,7,2,14,1,0,0,0,0,1,3,10,1,1,2,0,0,0,0,1,0,1,0,0,0,0,1,0,0,0,0,0,0,0,0,0,0,0,0,0,1,1,0,1,2,0,0,0,0,1,0,0,1,0,0,0,0,0,0,0,0,0,1,0,0,0,0,0,0,0,0,0,1,0,0,0,0,0,0,0,0,0,0,0,0,0,0,1,0,1,0,0,0,0,0,0,1,0,1,0,0,1,0,0,0,0,1,0,0,0,1,0,0,0,1,1,0,0,0,0,0,0,0,0,1,0,0,0,1,1,0,0,0,0,0,0,0,0,3,0,1,1,0,0,0,0,0,0,0,1,0,0,0,0,0,0,0,0,0,0,0,0,0,0,0,0,1,0,0,0,0,0,0,1,0,0,0,0,0,0,1,0,0,0,0,0,0,0,0,0,0,0,0,0,0,0,0,0,0,0,0,0,0,0,0,0,0,0,0,0,0,0,0,0,0,0,0,0,0,0,0,0,0,0,0,0,0,0,0,0,0,0,0,1,0,0,0,0,0,0,0,0,1,0,0,1,0,0,0,0,0,0,0,1,0,0,1,1,0,0,0,0,2,0,0,0,0,0,0,0,0,0,0,0,0,0,0,1,0,0,0,0,0,1,1,0,1,0,0,0,0,0,0,0,0,0,0,1,0,0,0,0,0,0,0,0,0,0,0,0,0,0,0,1,0,0,0,0,0,1,1,1,1,1,1,1,0,0,0,0,0,0,0,0,0,0,0,0,0,0,0,0,0,0,0,0,0,0,0,0,0
NAD5844HP,UCSD,0,0,10,0,33,3,8,115,202,98,0,72,1,1,0,1,0,0,1,0,1,10,0,1,0,0,192,1,5,2,1,1,1,0,1,0,0,22,0,30,19007,0,0,0,0,69,11,20,10,40,0,2,12,94,0,0,25,40,91,31,0,0,0,291,0,0,64,1,0,2,107,3,5,2,5,134,0,2,1,12,0,11,1,0,0,1,0,3,0,9,2,0,1,0,0,0,0,2,0,0,0,0,0,1,1,0,0,0,0,0,0,0,2,0,0,0,0,0,1,2,0,1,1,0,0,1,0,1,0,0,0,0,0,0,0,0,0,1,0,1,1,0,0,0,2,0,0,0,0,0,0,0,1,0,0,0,0,0,0,0,0,0,0,0,0,1,0,2,0,0,0,1,0,0,4,0,0,0,0,0,0,0,0,0,0,0,0,0,0,0,0,0,0,1,1,1,0,0,1,1,2,0,0,0,0,0,2,0,1,0,0,0,2,0,0,0,0,0,0,0,0,0,0,0,0,0,0,0,0,0,0,0,0,0,0,0,0,1,0,0,0,0,0,0,0,0,0,0,0,0,0,1,0,0,0,0,0,0,0,0,0,0,0,0,0,0,0,0,0,0,0,0,0,0,0,0,0,0,0,0,0,0,0,0,0,0,0,0,0,0,0,0,0,0,0,0,0,0,0,0,0,1,0,0,1,0,0,0,0,0,1,0,0,0,0,0,0,0,0,0,0,0,1,0,0,1,0,0,0,0,0,1,0,0,1,0,0,0,0,0,0,0,0,0,0,0,0,0,0,1,0,0,0,3,0,0,1,1,0,0,0,0,0,0,3,0,0,1,1,0,0,0,0,0,0,0,0,0,0,0,0,0,0,0,0,0,0,0,0,0,0,0,0,0,0,1,0,0,0,1,0,0,0,0,2,1,1,1,1,1,1,1,1,0,0,0,0,0,0,0,0,0,0,0,0,0,0,0,0
NAD5856HP,UCSD,1,0,9,2,73,18,12,140,210,101,2,121,1,2,1,1,0,0,3,0,0,24,0,0,0,1,220,2,2,1,1,0,3,0,0,0,0,24,0,72,22064,3,0,1,0,78,23,33,10,48,0,1,15,128,0,0,37,57,169,73,0,1,0,328,0,0,63,3,0,0,116,6,15,4,15,261,1,2,0,18,0,10,0,0,0,0,0,0,0,6,1,1,2,0,0,1,0,0,0,0,0,0,0,0,2,0,0,0,0,2,1,0,0,0,0,0,0,0,0,2,0,1,2,1,1,1,1,0,0,0,1,0,0,0,0,1,0,0,0,1,2,0,0,0,0,0,0,0,0,0,0,0,0,0,0,0,0,0,0,0,0,0,0,0,0,1,0,0,0,0,0,0,0,0,1,0,0,0,0,1,0,0,0,0,0,0,0,0,1,1,1,0,1,1,0,0,0,0,1,1,1,0,0,0,0,0,1,0,0,0,0,0,0,0,0,0,0,0,2,0,0,0,0,0,0,0,0,0,0,0,0,1,1,0,0,0,0,0,0,0,0,0,0,0,0,0,0,0,0,0,0,1,0,0,0,0,0,0,0,0,0,0,0,1,0,0,0,0,0,0,0,0,0,0,0,0,0,0,0,0,0,0,0,0,0,0,0,0,0,0,0,0,0,0,0,0,0,0,0,0,0,0,0,0,0,0,0,0,0,0,1,0,1,0,0,0,0,0,1,0,1,0,0,0,1,0,0,0,0,0,0,0,0,0,0,0,0,0,1,0,0,0,1,0,0,0,0,0,0,1,0,0,0,0,0,0,0,0,0,0,0,0,1,0,0,0,1,0,0,0,0,0,0,0,0,0,0,0,0,1,0,0,1,0,0,1,0,0,0,0,0,0,0,0,0,0,0,0,0,1,0,0,0,0,0,0,0,0,0,0,0,0,0,1,1,1,1,1,1,1,1,0,0,0,0,0,0,0,0
NAD5915HP,UCSD,0,0,13,0,21,2,3,117,208,102,1,62,0,0,0,1,0,0,1,0,0,11,0,1,0,1,204,1,3,1,0,0,1,0,2,1,0,22,0,33,19703,0,0,0,0,75,21,25,9,36,0,0,10,106,0,0,29,40,85,13,1,0,0,290,0,0,67,0,0,1,93,3,8,2,6,108,1,1,0,10,0,7,1,0,0,1,0,2,0,6,1,0,0,0,0,0,0,0,0,0,1,1,0,0,1,0,0,0,0,0,0,0,0,0,0,0,0,0,1,0,0,1,1,1,0,0,0,4,0,0,0,0,0,0,0,0,0,0,0,1,0,0,0,0,0,0,0,0,0,0,0,0,0,0,0,0,0,0,0,0,0,0,0,0,1,0,0,1,0,0,0,0,0,0,1,0,2,0,0,1,0,0,0,0,0,0,0,0,0,0,0,0,0,2,0,0,0,0,2,0,0,0,0,0,0,0,0,0,0,0,0,0,0,0,0,0,0,0,0,1,0,0,0,0,0,0,0,0,0,0,0,0,0,0,0,0,0,0,0,0,0,0,0,0,0,0,0,0,0,0,0,0,0,0,0,0,0,0,0,0,0,0,0,0,0,0,0,0,0,0,0,0,0,0,0,0,0,0,0,0,0,0,0,0,0,1,0,0,0,0,0,0,0,0,0,0,0,0,0,0,0,0,0,0,2,0,0,0,0,0,0,0,0,0,0,0,0,0,0,0,0,0,0,0,0,0,0,0,0,0,0,0,0,0,1,0,0,0,0,0,0,0,0,0,0,0,1,0,0,0,0,0,0,0,0,0,0,1,0,0,0,0,0,0,1,0,0,0,0,1,0,0,0,0,0,0,0,0,0,0,0,0,0,0,1,0,0,0,0,0,0,0,0,0,0,0,0,0,0,0,0,0,0,0,0,0,0,0,0,0,0,0,0,0,0,0,0,0,0,0,0,1,1,1,0,0,0,0,0
NAD79454HP,MSSM,0,1,16,1,64,2,8,137,228,112,5,97,0,0,0,2,0,0,2,0,0,19,0,1,1,0,228,0,0,0,2,2,0,0,0,1,0,28,1,93,22655,1,0,1,1,90,28,35,9,48,1,0,19,107,0,1,32,39,123,36,0,0,0,303,0,0,75,1,0,1,116,2,11,3,12,198,1,2,0,19,0,14,0,0,1,0,0,0,0,2,0,0,2,0,0,0,0,1,0,0,0,1,0,0,0,0,0,1,0,0,0,0,0,0,0,0,0,0,0,1,0,0,0,0,0,0,0,0,1,0,1,0,0,0,0,1,0,0,0,0,0,0,0,0,0,0,0,0,0,0,0,1,0,0,0,0,0,0,0,0,0,0,0,0,0,0,0,0,1,0,0,1,0,0,1,0,0,0,0,0,0,0,0,0,0,0,0,0,0,0,1,0,0,0,0,1,0,0,1,2,0,0,0,0,0,0,0,0,0,0,0,1,0,0,0,0,0,0,0,0,0,0,0,0,0,0,0,0,0,0,0,0,0,0,0,0,0,0,0,0,0,0,0,0,0,0,0,0,0,0,0,0,0,0,0,0,0,0,0,0,0,0,0,0,0,0,0,0,0,0,0,0,0,0,0,0,0,0,0,0,0,0,0,0,0,0,0,0,0,0,0,0,0,0,0,0,0,0,0,0,0,1,0,0,0,0,0,0,0,0,0,0,0,0,0,0,0,0,0,0,0,0,0,0,0,0,0,0,0,0,0,0,0,0,0,0,0,0,0,0,0,0,0,0,0,0,0,1,0,0,0,0,0,0,0,0,0,0,0,0,0,0,0,0,0,0,0,0,0,0,0,0,0,0,0,0,0,0,0,0,0,0,0,0,0,0,0,0,0,0,0,0,0,0,0,0,0,0,0,0,0,0,0,0,0,0,0,0,0,0,0,0,0,0,0,0,0,0,0,0,0,0,0,0,1,1,1,1,0